Workbook

Sheet Summary
A1: Work Log — Summary
A3: Month | B3: Working Hours | C3: Hours (decimal) | D3: Days Worked
A4: Oct 2026 | B4: ='Oct 2026'!I37 | C4: ='Oct 2026'!I38 | D4: ='Oct 2026'!I39
A5: Nov 2026 | B5: ='Nov 2026'!I36 | C5: ='Nov 2026'!I37 | D5: ='Nov 2026'!I38
A6: Dec 2026 | B6: ='Dec 2026'!I37 | C6: ='Dec 2026'!I38 | D6: ='Dec 2026'!I39
A7: Jan 2027 | B7: ='Jan 2027'!I37 | C7: ='Jan 2027'!I38 | D7: ='Jan 2027'!I39
A8: Feb 2027 | B8: ='Feb 2027'!I34 | C8: ='Feb 2027'!I35 | D8: ='Feb 2027'!I36
A9: Mar 2027 | B9: ='Mar 2027'!I37 | C9: ='Mar 2027'!I38 | D9: ='Mar 2027'!I39
A10: Apr 2027 | B10: ='Apr 2027'!I36 | C10: ='Apr 2027'!I37 | D10: ='Apr 2027'!I38
A11: May 2027 | B11: ='May 2027'!I37 | C11: ='May 2027'!I38 | D11: ='May 2027'!I39
A12: Jun 2027 | B12: ='Jun 2027'!I36 | C12: ='Jun 2027'!I37 | D12: ='Jun 2027'!I38
A13: Jul 2027 | B13: ='Jul 2027'!I37 | C13: ='Jul 2027'!I38 | D13: ='Jul 2027'!I39
A14: Aug 2027 | B14: ='Aug 2027'!I37 | C14: ='Aug 2027'!I38 | D14: ='Aug 2027'!I39
A15: Sep 2027 | B15: ='Sep 2027'!I36 | C15: ='Sep 2027'!I37 | D15: ='Sep 2027'!I38
A16: Total | B16: =SUM(B4:B15) | C16: =SUM(C4:C15) | D16: =SUM(D4:D15)

Sheet Oct 2026
A1: Work Log — October 2026
A2: Type times in 12-hour format with AM/PM, e.g. 9:00 AM or 6:30 PM (6:30 without PM is read as morning). Working Hours adds up every In/Out pair automatically; leave unused pairs empty.
A4: Date | B4: Day | C4: In Time (1) | D4: Out Time (1) | E4: In Time (2) | F4: Out Time (2) | G4: In Time (3) | H4: Out Time (3) | I4: Working Hours | J4: Remarks (what I worked on)
A5: 46296 | B5: =TEXT(A5,"dddd") | I5: =IF(COUNT(C5:H5)=0,"",IF(AND(C5<>"",D5<>""),MOD(D5-C5,1),0)+IF(AND(E5<>"",F5<>""),MOD(F5-E5,1),0)+IF(AND(G5<>"",H5<>""),MOD(H5-G5,1),0))
A6: 46297 | B6: =TEXT(A6,"dddd") | I6: =IF(COUNT(C6:H6)=0,"",IF(AND(C6<>"",D6<>""),MOD(D6-C6,1),0)+IF(AND(E6<>"",F6<>""),MOD(F6-E6,1),0)+IF(AND(G6<>"",H6<>""),MOD(H6-G6,1),0))
A7: 46298 | B7: =TEXT(A7,"dddd") | I7: =IF(COUNT(C7:H7)=0,"",IF(AND(C7<>"",D7<>""),MOD(D7-C7,1),0)+IF(AND(E7<>"",F7<>""),MOD(F7-E7,1),0)+IF(AND(G7<>"",H7<>""),MOD(H7-G7,1),0))
A8: 46299 | B8: =TEXT(A8,"dddd") | I8: =IF(COUNT(C8:H8)=0,"",IF(AND(C8<>"",D8<>""),MOD(D8-C8,1),0)+IF(AND(E8<>"",F8<>""),MOD(F8-E8,1),0)+IF(AND(G8<>"",H8<>""),MOD(H8-G8,1),0))
A9: 46300 | B9: =TEXT(A9,"dddd") | I9: =IF(COUNT(C9:H9)=0,"",IF(AND(C9<>"",D9<>""),MOD(D9-C9,1),0)+IF(AND(E9<>"",F9<>""),MOD(F9-E9,1),0)+IF(AND(G9<>"",H9<>""),MOD(H9-G9,1),0))
A10: 46301 | B10: =TEXT(A10,"dddd") | I10: =IF(COUNT(C10:H10)=0,"",IF(AND(C10<>"",D10<>""),MOD(D10-C10,1),0)+IF(AND(E10<>"",F10<>""),MOD(F10-E10,1),0)+IF(AND(G10<>"",H10<>""),MOD(H10-G10,1),0))
A11: 46302 | B11: =TEXT(A11,"dddd") | I11: =IF(COUNT(C11:H11)=0,"",IF(AND(C11<>"",D11<>""),MOD(D11-C11,1),0)+IF(AND(E11<>"",F11<>""),MOD(F11-E11,1),0)+IF(AND(G11<>"",H11<>""),MOD(H11-G11,1),0))
A12: 46303 | B12: =TEXT(A12,"dddd") | I12: =IF(COUNT(C12:H12)=0,"",IF(AND(C12<>"",D12<>""),MOD(D12-C12,1),0)+IF(AND(E12<>"",F12<>""),MOD(F12-E12,1),0)+IF(AND(G12<>"",H12<>""),MOD(H12-G12,1),0))
A13: 46304 | B13: =TEXT(A13,"dddd") | I13: =IF(COUNT(C13:H13)=0,"",IF(AND(C13<>"",D13<>""),MOD(D13-C13,1),0)+IF(AND(E13<>"",F13<>""),MOD(F13-E13,1),0)+IF(AND(G13<>"",H13<>""),MOD(H13-G13,1),0))
A14: 46305 | B14: =TEXT(A14,"dddd") | I14: =IF(COUNT(C14:H14)=0,"",IF(AND(C14<>"",D14<>""),MOD(D14-C14,1),0)+IF(AND(E14<>"",F14<>""),MOD(F14-E14,1),0)+IF(AND(G14<>"",H14<>""),MOD(H14-G14,1),0))
A15: 46306 | B15: =TEXT(A15,"dddd") | I15: =IF(COUNT(C15:H15)=0,"",IF(AND(C15<>"",D15<>""),MOD(D15-C15,1),0)+IF(AND(E15<>"",F15<>""),MOD(F15-E15,1),0)+IF(AND(G15<>"",H15<>""),MOD(H15-G15,1),0))
A16: 46307 | B16: =TEXT(A16,"dddd") | I16: =IF(COUNT(C16:H16)=0,"",IF(AND(C16<>"",D16<>""),MOD(D16-C16,1),0)+IF(AND(E16<>"",F16<>""),MOD(F16-E16,1),0)+IF(AND(G16<>"",H16<>""),MOD(H16-G16,1),0))
... A35: 46326 | B35: =TEXT(A35,"dddd") | I35: =IF(COUNT(C35:H35)=0,"",IF(AND(C35<>"",D35<>""),MOD(D35-C35,1),0)+IF(AND(E35<>"",F35<>""),MOD(F35-E35,1),0)+IF(AND(G35<>"",H35<>""),MOD(H35-G35,1),0))
F37: Total working hours | I37: =SUM(I5:I35)
F38: Total hours (decimal) | I38: =ROUND(I37*24,2)
F39: Days worked | I39: =COUNTIF(I5:I35,">0")
F40: Average per day worked | I40: =IF(I39=0,"",I37/I39)

Sheet Nov 2026
A1: Work Log — November 2026
A2: Type times in 12-hour format with AM/PM, e.g. 9:00 AM or 6:30 PM (6:30 without PM is read as morning). Working Hours adds up every In/Out pair automatically; leave unused pairs empty.
A4: Date | B4: Day | C4: In Time (1) | D4: Out Time (1) | E4: In Time (2) | F4: Out Time (2) | G4: In Time (3) | H4: Out Time (3) | I4: Working Hours | J4: Remarks (what I worked on)
A5: 46327 | B5: =TEXT(A5,"dddd") | I5: =IF(COUNT(C5:H5)=0,"",IF(AND(C5<>"",D5<>""),MOD(D5-C5,1),0)+IF(AND(E5<>"",F5<>""),MOD(F5-E5,1),0)+IF(AND(G5<>"",H5<>""),MOD(H5-G5,1),0))
A6: 46328 | B6: =TEXT(A6,"dddd") | I6: =IF(COUNT(C6:H6)=0,"",IF(AND(C6<>"",D6<>""),MOD(D6-C6,1),0)+IF(AND(E6<>"",F6<>""),MOD(F6-E6,1),0)+IF(AND(G6<>"",H6<>""),MOD(H6-G6,1),0))
A7: 46329 | B7: =TEXT(A7,"dddd") | I7: =IF(COUNT(C7:H7)=0,"",IF(AND(C7<>"",D7<>""),MOD(D7-C7,1),0)+IF(AND(E7<>"",F7<>""),MOD(F7-E7,1),0)+IF(AND(G7<>"",H7<>""),MOD(H7-G7,1),0))
A8: 46330 | B8: =TEXT(A8,"dddd") | I8: =IF(COUNT(C8:H8)=0,"",IF(AND(C8<>"",D8<>""),MOD(D8-C8,1),0)+IF(AND(E8<>"",F8<>""),MOD(F8-E8,1),0)+IF(AND(G8<>"",H8<>""),MOD(H8-G8,1),0))
A9: 46331 | B9: =TEXT(A9,"dddd") | I9: =IF(COUNT(C9:H9)=0,"",IF(AND(C9<>"",D9<>""),MOD(D9-C9,1),0)+IF(AND(E9<>"",F9<>""),MOD(F9-E9,1),0)+IF(AND(G9<>"",H9<>""),MOD(H9-G9,1),0))
A10: 46332 | B10: =TEXT(A10,"dddd") | I10: =IF(COUNT(C10:H10)=0,"",IF(AND(C10<>"",D10<>""),MOD(D10-C10,1),0)+IF(AND(E10<>"",F10<>""),MOD(F10-E10,1),0)+IF(AND(G10<>"",H10<>""),MOD(H10-G10,1),0))
A11: 46333 | B11: =TEXT(A11,"dddd") | I11: =IF(COUNT(C11:H11)=0,"",IF(AND(C11<>"",D11<>""),MOD(D11-C11,1),0)+IF(AND(E11<>"",F11<>""),MOD(F11-E11,1),0)+IF(AND(G11<>"",H11<>""),MOD(H11-G11,1),0))
A12: 46334 | B12: =TEXT(A12,"dddd") | I12: =IF(COUNT(C12:H12)=0,"",IF(AND(C12<>"",D12<>""),MOD(D12-C12,1),0)+IF(AND(E12<>"",F12<>""),MOD(F12-E12,1),0)+IF(AND(G12<>"",H12<>""),MOD(H12-G12,1),0))
A13: 46335 | B13: =TEXT(A13,"dddd") | I13: =IF(COUNT(C13:H13)=0,"",IF(AND(C13<>"",D13<>""),MOD(D13-C13,1),0)+IF(AND(E13<>"",F13<>""),MOD(F13-E13,1),0)+IF(AND(G13<>"",H13<>""),MOD(H13-G13,1),0))
A14: 46336 | B14: =TEXT(A14,"dddd") | I14: =IF(COUNT(C14:H14)=0,"",IF(AND(C14<>"",D14<>""),MOD(D14-C14,1),0)+IF(AND(E14<>"",F14<>""),MOD(F14-E14,1),0)+IF(AND(G14<>"",H14<>""),MOD(H14-G14,1),0))
A15: 46337 | B15: =TEXT(A15,"dddd") | I15: =IF(COUNT(C15:H15)=0,"",IF(AND(C15<>"",D15<>""),MOD(D15-C15,1),0)+IF(AND(E15<>"",F15<>""),MOD(F15-E15,1),0)+IF(AND(G15<>"",H15<>""),MOD(H15-G15,1),0))
A16: 46338 | B16: =TEXT(A16,"dddd") | I16: =IF(COUNT(C16:H16)=0,"",IF(AND(C16<>"",D16<>""),MOD(D16-C16,1),0)+IF(AND(E16<>"",F16<>""),MOD(F16-E16,1),0)+IF(AND(G16<>"",H16<>""),MOD(H16-G16,1),0))
... A34: 46356 | B34: =TEXT(A34,"dddd") | I34: =IF(COUNT(C34:H34)=0,"",IF(AND(C34<>"",D34<>""),MOD(D34-C34,1),0)+IF(AND(E34<>"",F34<>""),MOD(F34-E34,1),0)+IF(AND(G34<>"",H34<>""),MOD(H34-G34,1),0))
F36: Total working hours | I36: =SUM(I5:I34)
F37: Total hours (decimal) | I37: =ROUND(I36*24,2)
F38: Days worked | I38: =COUNTIF(I5:I34,">0")
F39: Average per day worked | I39: =IF(I38=0,"",I36/I38)

Sheet Dec 2026
A1: Work Log — December 2026
A2: Type times in 12-hour format with AM/PM, e.g. 9:00 AM or 6:30 PM (6:30 without PM is read as morning). Working Hours adds up every In/Out pair automatically; leave unused pairs empty.
A4: Date | B4: Day | C4: In Time (1) | D4: Out Time (1) | E4: In Time (2) | F4: Out Time (2) | G4: In Time (3) | H4: Out Time (3) | I4: Working Hours | J4: Remarks (what I worked on)
A5: 46357 | B5: =TEXT(A5,"dddd") | I5: =IF(COUNT(C5:H5)=0,"",IF(AND(C5<>"",D5<>""),MOD(D5-C5,1),0)+IF(AND(E5<>"",F5<>""),MOD(F5-E5,1),0)+IF(AND(G5<>"",H5<>""),MOD(H5-G5,1),0))
A6: 46358 | B6: =TEXT(A6,"dddd") | I6: =IF(COUNT(C6:H6)=0,"",IF(AND(C6<>"",D6<>""),MOD(D6-C6,1),0)+IF(AND(E6<>"",F6<>""),MOD(F6-E6,1),0)+IF(AND(G6<>"",H6<>""),MOD(H6-G6,1),0))
A7: 46359 | B7: =TEXT(A7,"dddd") | I7: =IF(COUNT(C7:H7)=0,"",IF(AND(C7<>"",D7<>""),MOD(D7-C7,1),0)+IF(AND(E7<>"",F7<>""),MOD(F7-E7,1),0)+IF(AND(G7<>"",H7<>""),MOD(H7-G7,1),0))
A8: 46360 | B8: =TEXT(A8,"dddd") | I8: =IF(COUNT(C8:H8)=0,"",IF(AND(C8<>"",D8<>""),MOD(D8-C8,1),0)+IF(AND(E8<>"",F8<>""),MOD(F8-E8,1),0)+IF(AND(G8<>"",H8<>""),MOD(H8-G8,1),0))
A9: 46361 | B9: =TEXT(A9,"dddd") | I9: =IF(COUNT(C9:H9)=0,"",IF(AND(C9<>"",D9<>""),MOD(D9-C9,1),0)+IF(AND(E9<>"",F9<>""),MOD(F9-E9,1),0)+IF(AND(G9<>"",H9<>""),MOD(H9-G9,1),0))
A10: 46362 | B10: =TEXT(A10,"dddd") | I10: =IF(COUNT(C10:H10)=0,"",IF(AND(C10<>"",D10<>""),MOD(D10-C10,1),0)+IF(AND(E10<>"",F10<>""),MOD(F10-E10,1),0)+IF(AND(G10<>"",H10<>""),MOD(H10-G10,1),0))
A11: 46363 | B11: =TEXT(A11,"dddd") | I11: =IF(COUNT(C11:H11)=0,"",IF(AND(C11<>"",D11<>""),MOD(D11-C11,1),0)+IF(AND(E11<>"",F11<>""),MOD(F11-E11,1),0)+IF(AND(G11<>"",H11<>""),MOD(H11-G11,1),0))
A12: 46364 | B12: =TEXT(A12,"dddd") | I12: =IF(COUNT(C12:H12)=0,"",IF(AND(C12<>"",D12<>""),MOD(D12-C12,1),0)+IF(AND(E12<>"",F12<>""),MOD(F12-E12,1),0)+IF(AND(G12<>"",H12<>""),MOD(H12-G12,1),0))
A13: 46365 | B13: =TEXT(A13,"dddd") | I13: =IF(COUNT(C13:H13)=0,"",IF(AND(C13<>"",D13<>""),MOD(D13-C13,1),0)+IF(AND(E13<>"",F13<>""),MOD(F13-E13,1),0)+IF(AND(G13<>"",H13<>""),MOD(H13-G13,1),0))
A14: 46366 | B14: =TEXT(A14,"dddd") | I14: =IF(COUNT(C14:H14)=0,"",IF(AND(C14<>"",D14<>""),MOD(D14-C14,1),0)+IF(AND(E14<>"",F14<>""),MOD(F14-E14,1),0)+IF(AND(G14<>"",H14<>""),MOD(H14-G14,1),0))
A15: 46367 | B15: =TEXT(A15,"dddd") | I15: =IF(COUNT(C15:H15)=0,"",IF(AND(C15<>"",D15<>""),MOD(D15-C15,1),0)+IF(AND(E15<>"",F15<>""),MOD(F15-E15,1),0)+IF(AND(G15<>"",H15<>""),MOD(H15-G15,1),0))
A16: 46368 | B16: =TEXT(A16,"dddd") | I16: =IF(COUNT(C16:H16)=0,"",IF(AND(C16<>"",D16<>""),MOD(D16-C16,1),0)+IF(AND(E16<>"",F16<>""),MOD(F16-E16,1),0)+IF(AND(G16<>"",H16<>""),MOD(H16-G16,1),0))
... A35: 46387 | B35: =TEXT(A35,"dddd") | I35: =IF(COUNT(C35:H35)=0,"",IF(AND(C35<>"",D35<>""),MOD(D35-C35,1),0)+IF(AND(E35<>"",F35<>""),MOD(F35-E35,1),0)+IF(AND(G35<>"",H35<>""),MOD(H35-G35,1),0))
F37: Total working hours | I37: =SUM(I5:I35)
F38: Total hours (decimal) | I38: =ROUND(I37*24,2)
F39: Days worked | I39: =COUNTIF(I5:I35,">0")
F40: Average per day worked | I40: =IF(I39=0,"",I37/I39)

Sheet Jan 2027
A1: Work Log — January 2027
A2: Type times in 12-hour format with AM/PM, e.g. 9:00 AM or 6:30 PM (6:30 without PM is read as morning). Working Hours adds up every In/Out pair automatically; leave unused pairs empty.
A4: Date | B4: Day | C4: In Time (1) | D4: Out Time (1) | E4: In Time (2) | F4: Out Time (2) | G4: In Time (3) | H4: Out Time (3) | I4: Working Hours | J4: Remarks (what I worked on)
A5: 46388 | B5: =TEXT(A5,"dddd") | I5: =IF(COUNT(C5:H5)=0,"",IF(AND(C5<>"",D5<>""),MOD(D5-C5,1),0)+IF(AND(E5<>"",F5<>""),MOD(F5-E5,1),0)+IF(AND(G5<>"",H5<>""),MOD(H5-G5,1),0))
A6: 46389 | B6: =TEXT(A6,"dddd") | I6: =IF(COUNT(C6:H6)=0,"",IF(AND(C6<>"",D6<>""),MOD(D6-C6,1),0)+IF(AND(E6<>"",F6<>""),MOD(F6-E6,1),0)+IF(AND(G6<>"",H6<>""),MOD(H6-G6,1),0))
A7: 46390 | B7: =TEXT(A7,"dddd") | I7: =IF(COUNT(C7:H7)=0,"",IF(AND(C7<>"",D7<>""),MOD(D7-C7,1),0)+IF(AND(E7<>"",F7<>""),MOD(F7-E7,1),0)+IF(AND(G7<>"",H7<>""),MOD(H7-G7,1),0))
A8: 46391 | B8: =TEXT(A8,"dddd") | I8: =IF(COUNT(C8:H8)=0,"",IF(AND(C8<>"",D8<>""),MOD(D8-C8,1),0)+IF(AND(E8<>"",F8<>""),MOD(F8-E8,1),0)+IF(AND(G8<>"",H8<>""),MOD(H8-G8,1),0))
A9: 46392 | B9: =TEXT(A9,"dddd") | I9: =IF(COUNT(C9:H9)=0,"",IF(AND(C9<>"",D9<>""),MOD(D9-C9,1),0)+IF(AND(E9<>"",F9<>""),MOD(F9-E9,1),0)+IF(AND(G9<>"",H9<>""),MOD(H9-G9,1),0))
A10: 46393 | B10: =TEXT(A10,"dddd") | I10: =IF(COUNT(C10:H10)=0,"",IF(AND(C10<>"",D10<>""),MOD(D10-C10,1),0)+IF(AND(E10<>"",F10<>""),MOD(F10-E10,1),0)+IF(AND(G10<>"",H10<>""),MOD(H10-G10,1),0))
A11: 46394 | B11: =TEXT(A11,"dddd") | I11: =IF(COUNT(C11:H11)=0,"",IF(AND(C11<>"",D11<>""),MOD(D11-C11,1),0)+IF(AND(E11<>"",F11<>""),MOD(F11-E11,1),0)+IF(AND(G11<>"",H11<>""),MOD(H11-G11,1),0))
A12: 46395 | B12: =TEXT(A12,"dddd") | I12: =IF(COUNT(C12:H12)=0,"",IF(AND(C12<>"",D12<>""),MOD(D12-C12,1),0)+IF(AND(E12<>"",F12<>""),MOD(F12-E12,1),0)+IF(AND(G12<>"",H12<>""),MOD(H12-G12,1),0))
A13: 46396 | B13: =TEXT(A13,"dddd") | I13: =IF(COUNT(C13:H13)=0,"",IF(AND(C13<>"",D13<>""),MOD(D13-C13,1),0)+IF(AND(E13<>"",F13<>""),MOD(F13-E13,1),0)+IF(AND(G13<>"",H13<>""),MOD(H13-G13,1),0))
A14: 46397 | B14: =TEXT(A14,"dddd") | I14: =IF(COUNT(C14:H14)=0,"",IF(AND(C14<>"",D14<>""),MOD(D14-C14,1),0)+IF(AND(E14<>"",F14<>""),MOD(F14-E14,1),0)+IF(AND(G14<>"",H14<>""),MOD(H14-G14,1),0))
A15: 46398 | B15: =TEXT(A15,"dddd") | I15: =IF(COUNT(C15:H15)=0,"",IF(AND(C15<>"",D15<>""),MOD(D15-C15,1),0)+IF(AND(E15<>"",F15<>""),MOD(F15-E15,1),0)+IF(AND(G15<>"",H15<>""),MOD(H15-G15,1),0))
A16: 46399 | B16: =TEXT(A16,"dddd") | I16: =IF(COUNT(C16:H16)=0,"",IF(AND(C16<>"",D16<>""),MOD(D16-C16,1),0)+IF(AND(E16<>"",F16<>""),MOD(F16-E16,1),0)+IF(AND(G16<>"",H16<>""),MOD(H16-G16,1),0))
... A35: 46418 | B35: =TEXT(A35,"dddd") | I35: =IF(COUNT(C35:H35)=0,"",IF(AND(C35<>"",D35<>""),MOD(D35-C35,1),0)+IF(AND(E35<>"",F35<>""),MOD(F35-E35,1),0)+IF(AND(G35<>"",H35<>""),MOD(H35-G35,1),0))
F37: Total working hours | I37: =SUM(I5:I35)
F38: Total hours (decimal) | I38: =ROUND(I37*24,2)
F39: Days worked | I39: =COUNTIF(I5:I35,">0")
F40: Average per day worked | I40: =IF(I39=0,"",I37/I39)

Sheet Feb 2027
A1: Work Log — February 2027
A2: Type times in 12-hour format with AM/PM, e.g. 9:00 AM or 6:30 PM (6:30 without PM is read as morning). Working Hours adds up every In/Out pair automatically; leave unused pairs empty.
A4: Date | B4: Day | C4: In Time (1) | D4: Out Time (1) | E4: In Time (2) | F4: Out Time (2) | G4: In Time (3) | H4: Out Time (3) | I4: Working Hours | J4: Remarks (what I worked on)
A5: 46419 | B5: =TEXT(A5,"dddd") | I5: =IF(COUNT(C5:H5)=0,"",IF(AND(C5<>"",D5<>""),MOD(D5-C5,1),0)+IF(AND(E5<>"",F5<>""),MOD(F5-E5,1),0)+IF(AND(G5<>"",H5<>""),MOD(H5-G5,1),0))
A6: 46420 | B6: =TEXT(A6,"dddd") | I6: =IF(COUNT(C6:H6)=0,"",IF(AND(C6<>"",D6<>""),MOD(D6-C6,1),0)+IF(AND(E6<>"",F6<>""),MOD(F6-E6,1),0)+IF(AND(G6<>"",H6<>""),MOD(H6-G6,1),0))
A7: 46421 | B7: =TEXT(A7,"dddd") | I7: =IF(COUNT(C7:H7)=0,"",IF(AND(C7<>"",D7<>""),MOD(D7-C7,1),0)+IF(AND(E7<>"",F7<>""),MOD(F7-E7,1),0)+IF(AND(G7<>"",H7<>""),MOD(H7-G7,1),0))
A8: 46422 | B8: =TEXT(A8,"dddd") | I8: =IF(COUNT(C8:H8)=0,"",IF(AND(C8<>"",D8<>""),MOD(D8-C8,1),0)+IF(AND(E8<>"",F8<>""),MOD(F8-E8,1),0)+IF(AND(G8<>"",H8<>""),MOD(H8-G8,1),0))
A9: 46423 | B9: =TEXT(A9,"dddd") | I9: =IF(COUNT(C9:H9)=0,"",IF(AND(C9<>"",D9<>""),MOD(D9-C9,1),0)+IF(AND(E9<>"",F9<>""),MOD(F9-E9,1),0)+IF(AND(G9<>"",H9<>""),MOD(H9-G9,1),0))
A10: 46424 | B10: =TEXT(A10,"dddd") | I10: =IF(COUNT(C10:H10)=0,"",IF(AND(C10<>"",D10<>""),MOD(D10-C10,1),0)+IF(AND(E10<>"",F10<>""),MOD(F10-E10,1),0)+IF(AND(G10<>"",H10<>""),MOD(H10-G10,1),0))
A11: 46425 | B11: =TEXT(A11,"dddd") | I11: =IF(COUNT(C11:H11)=0,"",IF(AND(C11<>"",D11<>""),MOD(D11-C11,1),0)+IF(AND(E11<>"",F11<>""),MOD(F11-E11,1),0)+IF(AND(G11<>"",H11<>""),MOD(H11-G11,1),0))
A12: 46426 | B12: =TEXT(A12,"dddd") | I12: =IF(COUNT(C12:H12)=0,"",IF(AND(C12<>"",D12<>""),MOD(D12-C12,1),0)+IF(AND(E12<>"",F12<>""),MOD(F12-E12,1),0)+IF(AND(G12<>"",H12<>""),MOD(H12-G12,1),0))
A13: 46427 | B13: =TEXT(A13,"dddd") | I13: =IF(COUNT(C13:H13)=0,"",IF(AND(C13<>"",D13<>""),MOD(D13-C13,1),0)+IF(AND(E13<>"",F13<>""),MOD(F13-E13,1),0)+IF(AND(G13<>"",H13<>""),MOD(H13-G13,1),0))
A14: 46428 | B14: =TEXT(A14,"dddd") | I14: =IF(COUNT(C14:H14)=0,"",IF(AND(C14<>"",D14<>""),MOD(D14-C14,1),0)+IF(AND(E14<>"",F14<>""),MOD(F14-E14,1),0)+IF(AND(G14<>"",H14<>""),MOD(H14-G14,1),0))
A15: 46429 | B15: =TEXT(A15,"dddd") | I15: =IF(COUNT(C15:H15)=0,"",IF(AND(C15<>"",D15<>""),MOD(D15-C15,1),0)+IF(AND(E15<>"",F15<>""),MOD(F15-E15,1),0)+IF(AND(G15<>"",H15<>""),MOD(H15-G15,1),0))
A16: 46430 | B16: =TEXT(A16,"dddd") | I16: =IF(COUNT(C16:H16)=0,"",IF(AND(C16<>"",D16<>""),MOD(D16-C16,1),0)+IF(AND(E16<>"",F16<>""),MOD(F16-E16,1),0)+IF(AND(G16<>"",H16<>""),MOD(H16-G16,1),0))
... A32: 46446 | B32: =TEXT(A32,"dddd") | I32: =IF(COUNT(C32:H32)=0,"",IF(AND(C32<>"",D32<>""),MOD(D32-C32,1),0)+IF(AND(E32<>"",F32<>""),MOD(F32-E32,1),0)+IF(AND(G32<>"",H32<>""),MOD(H32-G32,1),0))
F34: Total working hours | I34: =SUM(I5:I32)
F35: Total hours (decimal) | I35: =ROUND(I34*24,2)
F36: Days worked | I36: =COUNTIF(I5:I32,">0")
F37: Average per day worked | I37: =IF(I36=0,"",I34/I36)

Sheet Mar 2027
A1: Work Log — March 2027
A2: Type times in 12-hour format with AM/PM, e.g. 9:00 AM or 6:30 PM (6:30 without PM is read as morning). Working Hours adds up every In/Out pair automatically; leave unused pairs empty.
A4: Date | B4: Day | C4: In Time (1) | D4: Out Time (1) | E4: In Time (2) | F4: Out Time (2) | G4: In Time (3) | H4: Out Time (3) | I4: Working Hours | J4: Remarks (what I worked on)
A5: 46447 | B5: =TEXT(A5,"dddd") | I5: =IF(COUNT(C5:H5)=0,"",IF(AND(C5<>"",D5<>""),MOD(D5-C5,1),0)+IF(AND(E5<>"",F5<>""),MOD(F5-E5,1),0)+IF(AND(G5<>"",H5<>""),MOD(H5-G5,1),0))
A6: 46448 | B6: =TEXT(A6,"dddd") | I6: =IF(COUNT(C6:H6)=0,"",IF(AND(C6<>"",D6<>""),MOD(D6-C6,1),0)+IF(AND(E6<>"",F6<>""),MOD(F6-E6,1),0)+IF(AND(G6<>"",H6<>""),MOD(H6-G6,1),0))
A7: 46449 | B7: =TEXT(A7,"dddd") | I7: =IF(COUNT(C7:H7)=0,"",IF(AND(C7<>"",D7<>""),MOD(D7-C7,1),0)+IF(AND(E7<>"",F7<>""),MOD(F7-E7,1),0)+IF(AND(G7<>"",H7<>""),MOD(H7-G7,1),0))
A8: 46450 | B8: =TEXT(A8,"dddd") | I8: =IF(COUNT(C8:H8)=0,"",IF(AND(C8<>"",D8<>""),MOD(D8-C8,1),0)+IF(AND(E8<>"",F8<>""),MOD(F8-E8,1),0)+IF(AND(G8<>"",H8<>""),MOD(H8-G8,1),0))
A9: 46451 | B9: =TEXT(A9,"dddd") | I9: =IF(COUNT(C9:H9)=0,"",IF(AND(C9<>"",D9<>""),MOD(D9-C9,1),0)+IF(AND(E9<>"",F9<>""),MOD(F9-E9,1),0)+IF(AND(G9<>"",H9<>""),MOD(H9-G9,1),0))
A10: 46452 | B10: =TEXT(A10,"dddd") | I10: =IF(COUNT(C10:H10)=0,"",IF(AND(C10<>"",D10<>""),MOD(D10-C10,1),0)+IF(AND(E10<>"",F10<>""),MOD(F10-E10,1),0)+IF(AND(G10<>"",H10<>""),MOD(H10-G10,1),0))
A11: 46453 | B11: =TEXT(A11,"dddd") | I11: =IF(COUNT(C11:H11)=0,"",IF(AND(C11<>"",D11<>""),MOD(D11-C11,1),0)+IF(AND(E11<>"",F11<>""),MOD(F11-E11,1),0)+IF(AND(G11<>"",H11<>""),MOD(H11-G11,1),0))
A12: 46454 | B12: =TEXT(A12,"dddd") | I12: =IF(COUNT(C12:H12)=0,"",IF(AND(C12<>"",D12<>""),MOD(D12-C12,1),0)+IF(AND(E12<>"",F12<>""),MOD(F12-E12,1),0)+IF(AND(G12<>"",H12<>""),MOD(H12-G12,1),0))
A13: 46455 | B13: =TEXT(A13,"dddd") | I13: =IF(COUNT(C13:H13)=0,"",IF(AND(C13<>"",D13<>""),MOD(D13-C13,1),0)+IF(AND(E13<>"",F13<>""),MOD(F13-E13,1),0)+IF(AND(G13<>"",H13<>""),MOD(H13-G13,1),0))
A14: 46456 | B14: =TEXT(A14,"dddd") | I14: =IF(COUNT(C14:H14)=0,"",IF(AND(C14<>"",D14<>""),MOD(D14-C14,1),0)+IF(AND(E14<>"",F14<>""),MOD(F14-E14,1),0)+IF(AND(G14<>"",H14<>""),MOD(H14-G14,1),0))
A15: 46457 | B15: =TEXT(A15,"dddd") | I15: =IF(COUNT(C15:H15)=0,"",IF(AND(C15<>"",D15<>""),MOD(D15-C15,1),0)+IF(AND(E15<>"",F15<>""),MOD(F15-E15,1),0)+IF(AND(G15<>"",H15<>""),MOD(H15-G15,1),0))
A16: 46458 | B16: =TEXT(A16,"dddd") | I16: =IF(COUNT(C16:H16)=0,"",IF(AND(C16<>"",D16<>""),MOD(D16-C16,1),0)+IF(AND(E16<>"",F16<>""),MOD(F16-E16,1),0)+IF(AND(G16<>"",H16<>""),MOD(H16-G16,1),0))
... A35: 46477 | B35: =TEXT(A35,"dddd") | I35: =IF(COUNT(C35:H35)=0,"",IF(AND(C35<>"",D35<>""),MOD(D35-C35,1),0)+IF(AND(E35<>"",F35<>""),MOD(F35-E35,1),0)+IF(AND(G35<>"",H35<>""),MOD(H35-G35,1),0))
F37: Total working hours | I37: =SUM(I5:I35)
F38: Total hours (decimal) | I38: =ROUND(I37*24,2)
F39: Days worked | I39: =COUNTIF(I5:I35,">0")
F40: Average per day worked | I40: =IF(I39=0,"",I37/I39)

Sheet Apr 2027
A1: Work Log — April 2027
A2: Type times in 12-hour format with AM/PM, e.g. 9:00 AM or 6:30 PM (6:30 without PM is read as morning). Working Hours adds up every In/Out pair automatically; leave unused pairs empty.
A4: Date | B4: Day | C4: In Time (1) | D4: Out Time (1) | E4: In Time (2) | F4: Out Time (2) | G4: In Time (3) | H4: Out Time (3) | I4: Working Hours | J4: Remarks (what I worked on)
A5: 46478 | B5: =TEXT(A5,"dddd") | I5: =IF(COUNT(C5:H5)=0,"",IF(AND(C5<>"",D5<>""),MOD(D5-C5,1),0)+IF(AND(E5<>"",F5<>""),MOD(F5-E5,1),0)+IF(AND(G5<>"",H5<>""),MOD(H5-G5,1),0))
A6: 46479 | B6: =TEXT(A6,"dddd") | I6: =IF(COUNT(C6:H6)=0,"",IF(AND(C6<>"",D6<>""),MOD(D6-C6,1),0)+IF(AND(E6<>"",F6<>""),MOD(F6-E6,1),0)+IF(AND(G6<>"",H6<>""),MOD(H6-G6,1),0))
A7: 46480 | B7: =TEXT(A7,"dddd") | I7: =IF(COUNT(C7:H7)=0,"",IF(AND(C7<>"",D7<>""),MOD(D7-C7,1),0)+IF(AND(E7<>"",F7<>""),MOD(F7-E7,1),0)+IF(AND(G7<>"",H7<>""),MOD(H7-G7,1),0))
A8: 46481 | B8: =TEXT(A8,"dddd") | I8: =IF(COUNT(C8:H8)=0,"",IF(AND(C8<>"",D8<>""),MOD(D8-C8,1),0)+IF(AND(E8<>"",F8<>""),MOD(F8-E8,1),0)+IF(AND(G8<>"",H8<>""),MOD(H8-G8,1),0))
A9: 46482 | B9: =TEXT(A9,"dddd") | I9: =IF(COUNT(C9:H9)=0,"",IF(AND(C9<>"",D9<>""),MOD(D9-C9,1),0)+IF(AND(E9<>"",F9<>""),MOD(F9-E9,1),0)+IF(AND(G9<>"",H9<>""),MOD(H9-G9,1),0))
A10: 46483 | B10: =TEXT(A10,"dddd") | I10: =IF(COUNT(C10:H10)=0,"",IF(AND(C10<>"",D10<>""),MOD(D10-C10,1),0)+IF(AND(E10<>"",F10<>""),MOD(F10-E10,1),0)+IF(AND(G10<>"",H10<>""),MOD(H10-G10,1),0))
A11: 46484 | B11: =TEXT(A11,"dddd") | I11: =IF(COUNT(C11:H11)=0,"",IF(AND(C11<>"",D11<>""),MOD(D11-C11,1),0)+IF(AND(E11<>"",F11<>""),MOD(F11-E11,1),0)+IF(AND(G11<>"",H11<>""),MOD(H11-G11,1),0))
A12: 46485 | B12: =TEXT(A12,"dddd") | I12: =IF(COUNT(C12:H12)=0,"",IF(AND(C12<>"",D12<>""),MOD(D12-C12,1),0)+IF(AND(E12<>"",F12<>""),MOD(F12-E12,1),0)+IF(AND(G12<>"",H12<>""),MOD(H12-G12,1),0))
A13: 46486 | B13: =TEXT(A13,"dddd") | I13: =IF(COUNT(C13:H13)=0,"",IF(AND(C13<>"",D13<>""),MOD(D13-C13,1),0)+IF(AND(E13<>"",F13<>""),MOD(F13-E13,1),0)+IF(AND(G13<>"",H13<>""),MOD(H13-G13,1),0))
A14: 46487 | B14: =TEXT(A14,"dddd") | I14: =IF(COUNT(C14:H14)=0,"",IF(AND(C14<>"",D14<>""),MOD(D14-C14,1),0)+IF(AND(E14<>"",F14<>""),MOD(F14-E14,1),0)+IF(AND(G14<>"",H14<>""),MOD(H14-G14,1),0))
A15: 46488 | B15: =TEXT(A15,"dddd") | I15: =IF(COUNT(C15:H15)=0,"",IF(AND(C15<>"",D15<>""),MOD(D15-C15,1),0)+IF(AND(E15<>"",F15<>""),MOD(F15-E15,1),0)+IF(AND(G15<>"",H15<>""),MOD(H15-G15,1),0))
A16: 46489 | B16: =TEXT(A16,"dddd") | I16: =IF(COUNT(C16:H16)=0,"",IF(AND(C16<>"",D16<>""),MOD(D16-C16,1),0)+IF(AND(E16<>"",F16<>""),MOD(F16-E16,1),0)+IF(AND(G16<>"",H16<>""),MOD(H16-G16,1),0))
... A34: 46507 | B34: =TEXT(A34,"dddd") | I34: =IF(COUNT(C34:H34)=0,"",IF(AND(C34<>"",D34<>""),MOD(D34-C34,1),0)+IF(AND(E34<>"",F34<>""),MOD(F34-E34,1),0)+IF(AND(G34<>"",H34<>""),MOD(H34-G34,1),0))
F36: Total working hours | I36: =SUM(I5:I34)
F37: Total hours (decimal) | I37: =ROUND(I36*24,2)
F38: Days worked | I38: =COUNTIF(I5:I34,">0")
F39: Average per day worked | I39: =IF(I38=0,"",I36/I38)

Sheet May 2027
A1: Work Log — May 2027
A2: Type times in 12-hour format with AM/PM, e.g. 9:00 AM or 6:30 PM (6:30 without PM is read as morning). Working Hours adds up every In/Out pair automatically; leave unused pairs empty.
A4: Date | B4: Day | C4: In Time (1) | D4: Out Time (1) | E4: In Time (2) | F4: Out Time (2) | G4: In Time (3) | H4: Out Time (3) | I4: Working Hours | J4: Remarks (what I worked on)
A5: 46508 | B5: =TEXT(A5,"dddd") | I5: =IF(COUNT(C5:H5)=0,"",IF(AND(C5<>"",D5<>""),MOD(D5-C5,1),0)+IF(AND(E5<>"",F5<>""),MOD(F5-E5,1),0)+IF(AND(G5<>"",H5<>""),MOD(H5-G5,1),0))
A6: 46509 | B6: =TEXT(A6,"dddd") | I6: =IF(COUNT(C6:H6)=0,"",IF(AND(C6<>"",D6<>""),MOD(D6-C6,1),0)+IF(AND(E6<>"",F6<>""),MOD(F6-E6,1),0)+IF(AND(G6<>"",H6<>""),MOD(H6-G6,1),0))
A7: 46510 | B7: =TEXT(A7,"dddd") | I7: =IF(COUNT(C7:H7)=0,"",IF(AND(C7<>"",D7<>""),MOD(D7-C7,1),0)+IF(AND(E7<>"",F7<>""),MOD(F7-E7,1),0)+IF(AND(G7<>"",H7<>""),MOD(H7-G7,1),0))
A8: 46511 | B8: =TEXT(A8,"dddd") | I8: =IF(COUNT(C8:H8)=0,"",IF(AND(C8<>"",D8<>""),MOD(D8-C8,1),0)+IF(AND(E8<>"",F8<>""),MOD(F8-E8,1),0)+IF(AND(G8<>"",H8<>""),MOD(H8-G8,1),0))
A9: 46512 | B9: =TEXT(A9,"dddd") | I9: =IF(COUNT(C9:H9)=0,"",IF(AND(C9<>"",D9<>""),MOD(D9-C9,1),0)+IF(AND(E9<>"",F9<>""),MOD(F9-E9,1),0)+IF(AND(G9<>"",H9<>""),MOD(H9-G9,1),0))
A10: 46513 | B10: =TEXT(A10,"dddd") | I10: =IF(COUNT(C10:H10)=0,"",IF(AND(C10<>"",D10<>""),MOD(D10-C10,1),0)+IF(AND(E10<>"",F10<>""),MOD(F10-E10,1),0)+IF(AND(G10<>"",H10<>""),MOD(H10-G10,1),0))
A11: 46514 | B11: =TEXT(A11,"dddd") | I11: =IF(COUNT(C11:H11)=0,"",IF(AND(C11<>"",D11<>""),MOD(D11-C11,1),0)+IF(AND(E11<>"",F11<>""),MOD(F11-E11,1),0)+IF(AND(G11<>"",H11<>""),MOD(H11-G11,1),0))
A12: 46515 | B12: =TEXT(A12,"dddd") | I12: =IF(COUNT(C12:H12)=0,"",IF(AND(C12<>"",D12<>""),MOD(D12-C12,1),0)+IF(AND(E12<>"",F12<>""),MOD(F12-E12,1),0)+IF(AND(G12<>"",H12<>""),MOD(H12-G12,1),0))
A13: 46516 | B13: =TEXT(A13,"dddd") | I13: =IF(COUNT(C13:H13)=0,"",IF(AND(C13<>"",D13<>""),MOD(D13-C13,1),0)+IF(AND(E13<>"",F13<>""),MOD(F13-E13,1),0)+IF(AND(G13<>"",H13<>""),MOD(H13-G13,1),0))
A14: 46517 | B14: =TEXT(A14,"dddd") | I14: =IF(COUNT(C14:H14)=0,"",IF(AND(C14<>"",D14<>""),MOD(D14-C14,1),0)+IF(AND(E14<>"",F14<>""),MOD(F14-E14,1),0)+IF(AND(G14<>"",H14<>""),MOD(H14-G14,1),0))
A15: 46518 | B15: =TEXT(A15,"dddd") | I15: =IF(COUNT(C15:H15)=0,"",IF(AND(C15<>"",D15<>""),MOD(D15-C15,1),0)+IF(AND(E15<>"",F15<>""),MOD(F15-E15,1),0)+IF(AND(G15<>"",H15<>""),MOD(H15-G15,1),0))
A16: 46519 | B16: =TEXT(A16,"dddd") | I16: =IF(COUNT(C16:H16)=0,"",IF(AND(C16<>"",D16<>""),MOD(D16-C16,1),0)+IF(AND(E16<>"",F16<>""),MOD(F16-E16,1),0)+IF(AND(G16<>"",H16<>""),MOD(H16-G16,1),0))
... A35: 46538 | B35: =TEXT(A35,"dddd") | I35: =IF(COUNT(C35:H35)=0,"",IF(AND(C35<>"",D35<>""),MOD(D35-C35,1),0)+IF(AND(E35<>"",F35<>""),MOD(F35-E35,1),0)+IF(AND(G35<>"",H35<>""),MOD(H35-G35,1),0))
F37: Total working hours | I37: =SUM(I5:I35)
F38: Total hours (decimal) | I38: =ROUND(I37*24,2)
F39: Days worked | I39: =COUNTIF(I5:I35,">0")
F40: Average per day worked | I40: =IF(I39=0,"",I37/I39)

Sheet Jun 2027
A1: Work Log — June 2027
A2: Type times in 12-hour format with AM/PM, e.g. 9:00 AM or 6:30 PM (6:30 without PM is read as morning). Working Hours adds up every In/Out pair automatically; leave unused pairs empty.
A4: Date | B4: Day | C4: In Time (1) | D4: Out Time (1) | E4: In Time (2) | F4: Out Time (2) | G4: In Time (3) | H4: Out Time (3) | I4: Working Hours | J4: Remarks (what I worked on)
A5: 46539 | B5: =TEXT(A5,"dddd") | I5: =IF(COUNT(C5:H5)=0,"",IF(AND(C5<>"",D5<>""),MOD(D5-C5,1),0)+IF(AND(E5<>"",F5<>""),MOD(F5-E5,1),0)+IF(AND(G5<>"",H5<>""),MOD(H5-G5,1),0))
A6: 46540 | B6: =TEXT(A6,"dddd") | I6: =IF(COUNT(C6:H6)=0,"",IF(AND(C6<>"",D6<>""),MOD(D6-C6,1),0)+IF(AND(E6<>"",F6<>""),MOD(F6-E6,1),0)+IF(AND(G6<>"",H6<>""),MOD(H6-G6,1),0))
A7: 46541 | B7: =TEXT(A7,"dddd") | I7: =IF(COUNT(C7:H7)=0,"",IF(AND(C7<>"",D7<>""),MOD(D7-C7,1),0)+IF(AND(E7<>"",F7<>""),MOD(F7-E7,1),0)+IF(AND(G7<>"",H7<>""),MOD(H7-G7,1),0))
A8: 46542 | B8: =TEXT(A8,"dddd") | I8: =IF(COUNT(C8:H8)=0,"",IF(AND(C8<>"",D8<>""),MOD(D8-C8,1),0)+IF(AND(E8<>"",F8<>""),MOD(F8-E8,1),0)+IF(AND(G8<>"",H8<>""),MOD(H8-G8,1),0))
A9: 46543 | B9: =TEXT(A9,"dddd") | I9: =IF(COUNT(C9:H9)=0,"",IF(AND(C9<>"",D9<>""),MOD(D9-C9,1),0)+IF(AND(E9<>"",F9<>""),MOD(F9-E9,1),0)+IF(AND(G9<>"",H9<>""),MOD(H9-G9,1),0))
A10: 46544 | B10: =TEXT(A10,"dddd") | I10: =IF(COUNT(C10:H10)=0,"",IF(AND(C10<>"",D10<>""),MOD(D10-C10,1),0)+IF(AND(E10<>"",F10<>""),MOD(F10-E10,1),0)+IF(AND(G10<>"",H10<>""),MOD(H10-G10,1),0))
A11: 46545 | B11: =TEXT(A11,"dddd") | I11: =IF(COUNT(C11:H11)=0,"",IF(AND(C11<>"",D11<>""),MOD(D11-C11,1),0)+IF(AND(E11<>"",F11<>""),MOD(F11-E11,1),0)+IF(AND(G11<>"",H11<>""),MOD(H11-G11,1),0))
A12: 46546 | B12: =TEXT(A12,"dddd") | I12: =IF(COUNT(C12:H12)=0,"",IF(AND(C12<>"",D12<>""),MOD(D12-C12,1),0)+IF(AND(E12<>"",F12<>""),MOD(F12-E12,1),0)+IF(AND(G12<>"",H12<>""),MOD(H12-G12,1),0))
A13: 46547 | B13: =TEXT(A13,"dddd") | I13: =IF(COUNT(C13:H13)=0,"",IF(AND(C13<>"",D13<>""),MOD(D13-C13,1),0)+IF(AND(E13<>"",F13<>""),MOD(F13-E13,1),0)+IF(AND(G13<>"",H13<>""),MOD(H13-G13,1),0))
A14: 46548 | B14: =TEXT(A14,"dddd") | I14: =IF(COUNT(C14:H14)=0,"",IF(AND(C14<>"",D14<>""),MOD(D14-C14,1),0)+IF(AND(E14<>"",F14<>""),MOD(F14-E14,1),0)+IF(AND(G14<>"",H14<>""),MOD(H14-G14,1),0))
A15: 46549 | B15: =TEXT(A15,"dddd") | I15: =IF(COUNT(C15:H15)=0,"",IF(AND(C15<>"",D15<>""),MOD(D15-C15,1),0)+IF(AND(E15<>"",F15<>""),MOD(F15-E15,1),0)+IF(AND(G15<>"",H15<>""),MOD(H15-G15,1),0))
A16: 46550 | B16: =TEXT(A16,"dddd") | I16: =IF(COUNT(C16:H16)=0,"",IF(AND(C16<>"",D16<>""),MOD(D16-C16,1),0)+IF(AND(E16<>"",F16<>""),MOD(F16-E16,1),0)+IF(AND(G16<>"",H16<>""),MOD(H16-G16,1),0))
... A34: 46568 | B34: =TEXT(A34,"dddd") | I34: =IF(COUNT(C34:H34)=0,"",IF(AND(C34<>"",D34<>""),MOD(D34-C34,1),0)+IF(AND(E34<>"",F34<>""),MOD(F34-E34,1),0)+IF(AND(G34<>"",H34<>""),MOD(H34-G34,1),0))
F36: Total working hours | I36: =SUM(I5:I34)
F37: Total hours (decimal) | I37: =ROUND(I36*24,2)
F38: Days worked | I38: =COUNTIF(I5:I34,">0")
F39: Average per day worked | I39: =IF(I38=0,"",I36/I38)

Sheet Jul 2027
A1: Work Log — July 2027
A2: Type times in 12-hour format with AM/PM, e.g. 9:00 AM or 6:30 PM (6:30 without PM is read as morning). Working Hours adds up every In/Out pair automatically; leave unused pairs empty.
A4: Date | B4: Day | C4: In Time (1) | D4: Out Time (1) | E4: In Time (2) | F4: Out Time (2) | G4: In Time (3) | H4: Out Time (3) | I4: Working Hours | J4: Remarks (what I worked on)
A5: 46569 | B5: =TEXT(A5,"dddd") | I5: =IF(COUNT(C5:H5)=0,"",IF(AND(C5<>"",D5<>""),MOD(D5-C5,1),0)+IF(AND(E5<>"",F5<>""),MOD(F5-E5,1),0)+IF(AND(G5<>"",H5<>""),MOD(H5-G5,1),0))
A6: 46570 | B6: =TEXT(A6,"dddd") | I6: =IF(COUNT(C6:H6)=0,"",IF(AND(C6<>"",D6<>""),MOD(D6-C6,1),0)+IF(AND(E6<>"",F6<>""),MOD(F6-E6,1),0)+IF(AND(G6<>"",H6<>""),MOD(H6-G6,1),0))
A7: 46571 | B7: =TEXT(A7,"dddd") | I7: =IF(COUNT(C7:H7)=0,"",IF(AND(C7<>"",D7<>""),MOD(D7-C7,1),0)+IF(AND(E7<>"",F7<>""),MOD(F7-E7,1),0)+IF(AND(G7<>"",H7<>""),MOD(H7-G7,1),0))
A8: 46572 | B8: =TEXT(A8,"dddd") | I8: =IF(COUNT(C8:H8)=0,"",IF(AND(C8<>"",D8<>""),MOD(D8-C8,1),0)+IF(AND(E8<>"",F8<>""),MOD(F8-E8,1),0)+IF(AND(G8<>"",H8<>""),MOD(H8-G8,1),0))
A9: 46573 | B9: =TEXT(A9,"dddd") | I9: =IF(COUNT(C9:H9)=0,"",IF(AND(C9<>"",D9<>""),MOD(D9-C9,1),0)+IF(AND(E9<>"",F9<>""),MOD(F9-E9,1),0)+IF(AND(G9<>"",H9<>""),MOD(H9-G9,1),0))
A10: 46574 | B10: =TEXT(A10,"dddd") | I10: =IF(COUNT(C10:H10)=0,"",IF(AND(C10<>"",D10<>""),MOD(D10-C10,1),0)+IF(AND(E10<>"",F10<>""),MOD(F10-E10,1),0)+IF(AND(G10<>"",H10<>""),MOD(H10-G10,1),0))
A11: 46575 | B11: =TEXT(A11,"dddd") | I11: =IF(COUNT(C11:H11)=0,"",IF(AND(C11<>"",D11<>""),MOD(D11-C11,1),0)+IF(AND(E11<>"",F11<>""),MOD(F11-E11,1),0)+IF(AND(G11<>"",H11<>""),MOD(H11-G11,1),0))
A12: 46576 | B12: =TEXT(A12,"dddd") | I12: =IF(COUNT(C12:H12)=0,"",IF(AND(C12<>"",D12<>""),MOD(D12-C12,1),0)+IF(AND(E12<>"",F12<>""),MOD(F12-E12,1),0)+IF(AND(G12<>"",H12<>""),MOD(H12-G12,1),0))
A13: 46577 | B13: =TEXT(A13,"dddd") | I13: =IF(COUNT(C13:H13)=0,"",IF(AND(C13<>"",D13<>""),MOD(D13-C13,1),0)+IF(AND(E13<>"",F13<>""),MOD(F13-E13,1),0)+IF(AND(G13<>"",H13<>""),MOD(H13-G13,1),0))
A14: 46578 | B14: =TEXT(A14,"dddd") | I14: =IF(COUNT(C14:H14)=0,"",IF(AND(C14<>"",D14<>""),MOD(D14-C14,1),0)+IF(AND(E14<>"",F14<>""),MOD(F14-E14,1),0)+IF(AND(G14<>"",H14<>""),MOD(H14-G14,1),0))
A15: 46579 | B15: =TEXT(A15,"dddd") | I15: =IF(COUNT(C15:H15)=0,"",IF(AND(C15<>"",D15<>""),MOD(D15-C15,1),0)+IF(AND(E15<>"",F15<>""),MOD(F15-E15,1),0)+IF(AND(G15<>"",H15<>""),MOD(H15-G15,1),0))
A16: 46580 | B16: =TEXT(A16,"dddd") | I16: =IF(COUNT(C16:H16)=0,"",IF(AND(C16<>"",D16<>""),MOD(D16-C16,1),0)+IF(AND(E16<>"",F16<>""),MOD(F16-E16,1),0)+IF(AND(G16<>"",H16<>""),MOD(H16-G16,1),0))
... A35: 46599 | B35: =TEXT(A35,"dddd") | I35: =IF(COUNT(C35:H35)=0,"",IF(AND(C35<>"",D35<>""),MOD(D35-C35,1),0)+IF(AND(E35<>"",F35<>""),MOD(F35-E35,1),0)+IF(AND(G35<>"",H35<>""),MOD(H35-G35,1),0))
F37: Total working hours | I37: =SUM(I5:I35)
F38: Total hours (decimal) | I38: =ROUND(I37*24,2)
F39: Days worked | I39: =COUNTIF(I5:I35,">0")
F40: Average per day worked | I40: =IF(I39=0,"",I37/I39)

Sheet Aug 2027
A1: Work Log — August 2027
A2: Type times in 12-hour format with AM/PM, e.g. 9:00 AM or 6:30 PM (6:30 without PM is read as morning). Working Hours adds up every In/Out pair automatically; leave unused pairs empty.
A4: Date | B4: Day | C4: In Time (1) | D4: Out Time (1) | E4: In Time (2) | F4: Out Time (2) | G4: In Time (3) | H4: Out Time (3) | I4: Working Hours | J4: Remarks (what I worked on)
A5: 46600 | B5: =TEXT(A5,"dddd") | I5: =IF(COUNT(C5:H5)=0,"",IF(AND(C5<>"",D5<>""),MOD(D5-C5,1),0)+IF(AND(E5<>"",F5<>""),MOD(F5-E5,1),0)+IF(AND(G5<>"",H5<>""),MOD(H5-G5,1),0))
A6: 46601 | B6: =TEXT(A6,"dddd") | I6: =IF(COUNT(C6:H6)=0,"",IF(AND(C6<>"",D6<>""),MOD(D6-C6,1),0)+IF(AND(E6<>"",F6<>""),MOD(F6-E6,1),0)+IF(AND(G6<>"",H6<>""),MOD(H6-G6,1),0))
A7: 46602 | B7: =TEXT(A7,"dddd") | I7: =IF(COUNT(C7:H7)=0,"",IF(AND(C7<>"",D7<>""),MOD(D7-C7,1),0)+IF(AND(E7<>"",F7<>""),MOD(F7-E7,1),0)+IF(AND(G7<>"",H7<>""),MOD(H7-G7,1),0))
A8: 46603 | B8: =TEXT(A8,"dddd") | I8: =IF(COUNT(C8:H8)=0,"",IF(AND(C8<>"",D8<>""),MOD(D8-C8,1),0)+IF(AND(E8<>"",F8<>""),MOD(F8-E8,1),0)+IF(AND(G8<>"",H8<>""),MOD(H8-G8,1),0))
A9: 46604 | B9: =TEXT(A9,"dddd") | I9: =IF(COUNT(C9:H9)=0,"",IF(AND(C9<>"",D9<>""),MOD(D9-C9,1),0)+IF(AND(E9<>"",F9<>""),MOD(F9-E9,1),0)+IF(AND(G9<>"",H9<>""),MOD(H9-G9,1),0))
A10: 46605 | B10: =TEXT(A10,"dddd") | I10: =IF(COUNT(C10:H10)=0,"",IF(AND(C10<>"",D10<>""),MOD(D10-C10,1),0)+IF(AND(E10<>"",F10<>""),MOD(F10-E10,1),0)+IF(AND(G10<>"",H10<>""),MOD(H10-G10,1),0))
A11: 46606 | B11: =TEXT(A11,"dddd") | I11: =IF(COUNT(C11:H11)=0,"",IF(AND(C11<>"",D11<>""),MOD(D11-C11,1),0)+IF(AND(E11<>"",F11<>""),MOD(F11-E11,1),0)+IF(AND(G11<>"",H11<>""),MOD(H11-G11,1),0))
A12: 46607 | B12: =TEXT(A12,"dddd") | I12: =IF(COUNT(C12:H12)=0,"",IF(AND(C12<>"",D12<>""),MOD(D12-C12,1),0)+IF(AND(E12<>"",F12<>""),MOD(F12-E12,1),0)+IF(AND(G12<>"",H12<>""),MOD(H12-G12,1),0))
A13: 46608 | B13: =TEXT(A13,"dddd") | I13: =IF(COUNT(C13:H13)=0,"",IF(AND(C13<>"",D13<>""),MOD(D13-C13,1),0)+IF(AND(E13<>"",F13<>""),MOD(F13-E13,1),0)+IF(AND(G13<>"",H13<>""),MOD(H13-G13,1),0))
A14: 46609 | B14: =TEXT(A14,"dddd") | I14: =IF(COUNT(C14:H14)=0,"",IF(AND(C14<>"",D14<>""),MOD(D14-C14,1),0)+IF(AND(E14<>"",F14<>""),MOD(F14-E14,1),0)+IF(AND(G14<>"",H14<>""),MOD(H14-G14,1),0))
A15: 46610 | B15: =TEXT(A15,"dddd") | I15: =IF(COUNT(C15:H15)=0,"",IF(AND(C15<>"",D15<>""),MOD(D15-C15,1),0)+IF(AND(E15<>"",F15<>""),MOD(F15-E15,1),0)+IF(AND(G15<>"",H15<>""),MOD(H15-G15,1),0))
A16: 46611 | B16: =TEXT(A16,"dddd") | I16: =IF(COUNT(C16:H16)=0,"",IF(AND(C16<>"",D16<>""),MOD(D16-C16,1),0)+IF(AND(E16<>"",F16<>""),MOD(F16-E16,1),0)+IF(AND(G16<>"",H16<>""),MOD(H16-G16,1),0))
... A35: 46630 | B35: =TEXT(A35,"dddd") | I35: =IF(COUNT(C35:H35)=0,"",IF(AND(C35<>"",D35<>""),MOD(D35-C35,1),0)+IF(AND(E35<>"",F35<>""),MOD(F35-E35,1),0)+IF(AND(G35<>"",H35<>""),MOD(H35-G35,1),0))
F37: Total working hours | I37: =SUM(I5:I35)
F38: Total hours (decimal) | I38: =ROUND(I37*24,2)
F39: Days worked | I39: =COUNTIF(I5:I35,">0")
F40: Average per day worked | I40: =IF(I39=0,"",I37/I39)

Sheet Sep 2027
A1: Work Log — September 2027
A2: Type times in 12-hour format with AM/PM, e.g. 9:00 AM or 6:30 PM (6:30 without PM is read as morning). Working Hours adds up every In/Out pair automatically; leave unused pairs empty.
A4: Date | B4: Day | C4: In Time (1) | D4: Out Time (1) | E4: In Time (2) | F4: Out Time (2) | G4: In Time (3) | H4: Out Time (3) | I4: Working Hours | J4: Remarks (what I worked on)
A5: 46631 | B5: =TEXT(A5,"dddd") | I5: =IF(COUNT(C5:H5)=0,"",IF(AND(C5<>"",D5<>""),MOD(D5-C5,1),0)+IF(AND(E5<>"",F5<>""),MOD(F5-E5,1),0)+IF(AND(G5<>"",H5<>""),MOD(H5-G5,1),0))
A6: 46632 | B6: =TEXT(A6,"dddd") | I6: =IF(COUNT(C6:H6)=0,"",IF(AND(C6<>"",D6<>""),MOD(D6-C6,1),0)+IF(AND(E6<>"",F6<>""),MOD(F6-E6,1),0)+IF(AND(G6<>"",H6<>""),MOD(H6-G6,1),0))
A7: 46633 | B7: =TEXT(A7,"dddd") | I7: =IF(COUNT(C7:H7)=0,"",IF(AND(C7<>"",D7<>""),MOD(D7-C7,1),0)+IF(AND(E7<>"",F7<>""),MOD(F7-E7,1),0)+IF(AND(G7<>"",H7<>""),MOD(H7-G7,1),0))
A8: 46634 | B8: =TEXT(A8,"dddd") | I8: =IF(COUNT(C8:H8)=0,"",IF(AND(C8<>"",D8<>""),MOD(D8-C8,1),0)+IF(AND(E8<>"",F8<>""),MOD(F8-E8,1),0)+IF(AND(G8<>"",H8<>""),MOD(H8-G8,1),0))
A9: 46635 | B9: =TEXT(A9,"dddd") | I9: =IF(COUNT(C9:H9)=0,"",IF(AND(C9<>"",D9<>""),MOD(D9-C9,1),0)+IF(AND(E9<>"",F9<>""),MOD(F9-E9,1),0)+IF(AND(G9<>"",H9<>""),MOD(H9-G9,1),0))
A10: 46636 | B10: =TEXT(A10,"dddd") | I10: =IF(COUNT(C10:H10)=0,"",IF(AND(C10<>"",D10<>""),MOD(D10-C10,1),0)+IF(AND(E10<>"",F10<>""),MOD(F10-E10,1),0)+IF(AND(G10<>"",H10<>""),MOD(H10-G10,1),0))
A11: 46637 | B11: =TEXT(A11,"dddd") | I11: =IF(COUNT(C11:H11)=0,"",IF(AND(C11<>"",D11<>""),MOD(D11-C11,1),0)+IF(AND(E11<>"",F11<>""),MOD(F11-E11,1),0)+IF(AND(G11<>"",H11<>""),MOD(H11-G11,1),0))
A12: 46638 | B12: =TEXT(A12,"dddd") | I12: =IF(COUNT(C12:H12)=0,"",IF(AND(C12<>"",D12<>""),MOD(D12-C12,1),0)+IF(AND(E12<>"",F12<>""),MOD(F12-E12,1),0)+IF(AND(G12<>"",H12<>""),MOD(H12-G12,1),0))
A13: 46639 | B13: =TEXT(A13,"dddd") | I13: =IF(COUNT(C13:H13)=0,"",IF(AND(C13<>"",D13<>""),MOD(D13-C13,1),0)+IF(AND(E13<>"",F13<>""),MOD(F13-E13,1),0)+IF(AND(G13<>"",H13<>""),MOD(H13-G13,1),0))
A14: 46640 | B14: =TEXT(A14,"dddd") | I14: =IF(COUNT(C14:H14)=0,"",IF(AND(C14<>"",D14<>""),MOD(D14-C14,1),0)+IF(AND(E14<>"",F14<>""),MOD(F14-E14,1),0)+IF(AND(G14<>"",H14<>""),MOD(H14-G14,1),0))
A15: 46641 | B15: =TEXT(A15,"dddd") | I15: =IF(COUNT(C15:H15)=0,"",IF(AND(C15<>"",D15<>""),MOD(D15-C15,1),0)+IF(AND(E15<>"",F15<>""),MOD(F15-E15,1),0)+IF(AND(G15<>"",H15<>""),MOD(H15-G15,1),0))
A16: 46642 | B16: =TEXT(A16,"dddd") | I16: =IF(COUNT(C16:H16)=0,"",IF(AND(C16<>"",D16<>""),MOD(D16-C16,1),0)+IF(AND(E16<>"",F16<>""),MOD(F16-E16,1),0)+IF(AND(G16<>"",H16<>""),MOD(H16-G16,1),0))
... A34: 46660 | B34: =TEXT(A34,"dddd") | I34: =IF(COUNT(C34:H34)=0,"",IF(AND(C34<>"",D34<>""),MOD(D34-C34,1),0)+IF(AND(E34<>"",F34<>""),MOD(F34-E34,1),0)+IF(AND(G34<>"",H34<>""),MOD(H34-G34,1),0))
F36: Total working hours | I36: =SUM(I5:I34)
F37: Total hours (decimal) | I37: =ROUND(I36*24,2)
F38: Days worked | I38: =COUNTIF(I5:I34,">0")
F39: Average per day worked | I39: =IF(I38=0,"",I36/I38)
